{
  "name": "DHT20",
  "title" : "DHT20",
  "keywords": "DHT20",
  "description": "DHT20 Temp&Humidity",
  "homepage": "https://github.com/RobTillaart/DHT20",
  "license": "https://github.com/RobTillaart/DHT20/blob/master/LICENSE",
  "git": "https://github.com/RobTillaart/DHT20",
  "author": "Paniti Pumviset",
  "email": "",
  "url": "",
  "version": "0.3.1",
  "board" : "Arduino library for I2C DHT20 temperature and humidity sensor.",
  "platform": ["arduino-esp32"],
  "image" : "/static/cover.JPG"
}
